<!DOCTYPE hibernate-configuration PUBLIC
        "-//Hibernate/Hibernate Configuration DTD 3.0//EN"
        "http://hibernate.sourceforge.net/hibernate-configuration-3.0.dtd">
<hibernate-configuration>
    <session-factory>
        <!-- Configuración de la base de datos -->
        <property name="hibernate.connection.driver_class">com.mysql.cj.jdbc.Driver</property>
        <property name="hibernate.connection.url">jdbc:mysql://localhost:3306/futbolbd</property>
        <property name="hibernate.connection.username">Diego</property>
        <property name="hibernate.connection.password">12345</property>

        <!-- Dialecto de MySQL -->
        <property name="hibernate.dialect">org.hibernate.dialect.MySQL8Dialect</property>

        <!-- Opciones adicionales -->
        <property name="hibernate.show_sql">true</property>
        <property name="hibernate.format_sql">true</property>

        <!-- Mapeo de clases -->
        <mapping class="org.example.mapeo.CategoriaFutbol"/>
        <mapping class="org.example.mapeo.Futbol"/>
    </session-factory>
</hibernate-configuration>